species,year,sizebin1,sizebin2,sizebin3,sizebin4,sizebin5
Blue_whiting,1,NA,426,9444,128,NA
Blue_whiting,2,NA,1951,7476,575,NA
Blue_whiting,3,NA,285,7718,1993,1
Blue_whiting,4,NA,255,7369,2374,1
Blue_whiting,5,NA,319,7259,2418,2
Blue_whiting,6,NA,309,7275,2416,2
Blue_whiting,7,NA,317,7285,2394,2
Blue_whiting,8,NA,315,7275,2407,2
Blue_whiting,9,NA,310,7275,2414,2
Blue_whiting,10,NA,290,7196,2510,2
Blue_whiting,11,NA,319,7266,2414,2
Blue_whiting,12,NA,308,7189,2501,2
Blue_whiting,13,NA,275,7225,2497,2
Blue_whiting,14,NA,296,7258,2443,2
Blue_whiting,15,NA,304,7362,2331,1
Blue_whiting,16,NA,352,7352,2290,1
Blue_whiting,17,NA,357,7463,2179,1
Blue_whiting,18,NA,358,7461,2179,1
Blue_whiting,19,NA,361,7464,2176,1
Blue_whiting,20,NA,364,7379,2256,1
Blue_whiting,21,NA,357,7442,2200,1
Blue_whiting,22,NA,357,7397,2244,1
Blue_whiting,23,NA,374,7463,2163,1
Blue_whiting,24,NA,362,7487,2147,1
Blue_whiting,25,NA,354,7366,2275,1
Blue_whiting,26,NA,396,7333,2270,1
Blue_whiting,27,NA,375,7349,2274,1
Blue_whiting,28,NA,368,7346,2285,1
Blue_whiting,29,NA,373,7376,2254,1
Blue_whiting,30,NA,349,7409,2240,1
Blue_whiting,31,NA,379,7398,2223,1
Blue_whiting,32,NA,377,7466,2156,1
Blue_whiting,33,NA,365,7480,2154,1
Blue_whiting,34,NA,376,7412,2206,1
Blue_whiting,35,NA,360,7468,2170,1
Blue_whiting,36,NA,343,7464,2190,1
Blue_whiting,37,NA,337,7415,2246,1
Blue_whiting,38,NA,342,7480,2177,1
Blue_whiting,39,NA,358,7467,2172,1
Blue_whiting,40,NA,351,7451,2196,1
Blue_whiting,41,NA,360,7396,2244,1
Blue_whiting,42,NA,315,7328,2352,1
Blue_whiting,43,NA,373,7351,2274,1
Blue_whiting,44,NA,346,7382,2269,1
Blue_whiting,45,NA,361,7410,2226,1
Blue_whiting,46,NA,350,7398,2251,1
Blue_whiting,47,NA,354,7465,2179,1
Blue_whiting,48,NA,364,7502,2128,1
Blue_whiting,49,NA,375,7494,2130,1
Blue_whiting,50,NA,384,7496,2117,1
Blue_whiting,51,NA,389,7483,2126,1
Blue_whiting,52,NA,383,7479,2134,1
Blue_whiting,53,NA,389,7417,2190,1
Blue_whiting,54,NA,362,7489,2145,1
Blue_whiting,55,NA,348,7498,2152,1
Blue_whiting,56,NA,321,7406,2269,1
Blue_whiting,57,NA,330,7386,2280,1
Blue_whiting,58,NA,361,7283,2354,2
Blue_whiting,59,NA,351,7298,2349,1
Blue_whiting,60,NA,357,7317,2321,1
Blue_whiting,61,NA,347,7296,2355,2
Blue_whiting,62,NA,330,7268,2397,2
Blue_whiting,63,NA,347,7396,2254,1
Blue_whiting,64,NA,359,7459,2181,1
Blue_whiting,65,NA,347,7459,2192,1
Blue_whiting,66,NA,349,7404,2246,1
Blue_whiting,67,NA,346,7495,2156,1
Blue_whiting,68,NA,339,7478,2185,1
Blue_whiting,69,NA,357,7414,2227,1
Blue_whiting,70,NA,360,7480,2156,1
Blue_whiting,71,NA,358,7493,2147,1
Blue_whiting,72,NA,364,7457,2178,1
Blue_whiting,73,NA,339,7408,2251,1
Blue_whiting,74,NA,351,7282,2364,2
Blue_whiting,75,NA,336,7326,2334,1
Blue_whiting,76,NA,330,7340,2326,1
Blue_whiting,77,NA,352,7382,2265,1
Blue_whiting,78,NA,339,7369,2289,1
Blue_whiting,79,NA,350,7452,2199,1
Blue_whiting,80,NA,351,7429,2218,1
Blue_whiting,81,NA,351,7496,2150,1
Blue_whiting,82,NA,343,7420,2232,1
Blue_whiting,83,NA,368,7489,2140,1
Blue_whiting,84,NA,353,7492,2151,1
Blue_whiting,85,NA,357,7494,2148,1
Blue_whiting,86,NA,358,7442,2199,1
Blue_whiting,87,NA,379,7396,2223,1
Blue_whiting,88,NA,352,7330,2312,1
Blue_whiting,89,NA,349,7418,2230,1
Blue_whiting,90,NA,357,7364,2277,1
Blue_whiting,91,NA,361,7455,2183,1
Blue_whiting,92,NA,347,7413,2238,1
Blue_whiting,93,NA,341,7459,2200,1
Blue_whiting,94,NA,352,7330,2311,1
Blue_whiting,95,NA,327,7393,2279,1
Blue_whiting,96,NA,365,7400,2232,1
Blue_whiting,97,NA,352,7435,2208,1
Blue_whiting,98,NA,349,7394,2256,1
Blue_whiting,99,NA,348,7490,2159,1
Blue_whiting,100,NA,349,7395,2253,1
Blue_whiting,101,NA,350,7389,2259,1
Blue_whiting,102,NA,352,7409,2235,1
Blue_whiting,103,NA,351,7408,2237,1
Blue_whiting,104,NA,351,7436,2212,1
Blue_whiting,105,NA,358,7464,2173,1
Blue_whiting,106,NA,354,7433,2212,1
Blue_whiting,107,NA,357,7572,2070,1
Blue_whiting,108,NA,347,7557,2094,1
Blue_whiting,109,NA,358,7474,2167,1
Blue_whiting,110,NA,368,7481,2148,1
Blue_whiting,111,NA,360,7499,2141,1
Blue_whiting,112,NA,357,7564,2076,1
Blue_whiting,113,NA,364,7649,1985,1
Blue_whiting,114,NA,344,7568,2086,1
Blue_whiting,115,NA,357,7558,2084,1
Blue_whiting,116,NA,348,7617,2031,1
Blue_whiting,117,NA,356,7515,2131,1
Blue_whiting,118,NA,344,7619,2034,1
Blue_whiting,119,NA,384,7564,2050,1
Blue_whiting,120,NA,344,7637,2016,1
Blue_whiting,121,NA,355,7554,2088,1
Blue_whiting,122,NA,348,7602,2048,1
Blue_whiting,123,NA,366,7530,2104,1
Blue_whiting,124,NA,370,7691,1942,1
Blue_whiting,125,NA,350,7648,1999,1
Blue_whiting,126,NA,366,7591,2040,1
Blue_whiting,127,NA,351,7589,2054,1
Blue_whiting,128,NA,372,7538,2089,1
Blue_whiting,129,NA,351,7576,2069,1
Blue_whiting,130,NA,370,7521,2107,1
Blue_whiting,131,NA,350,7614,2035,1
Blue_whiting,132,NA,360,7564,2071,1
Blue_whiting,133,NA,373,7600,2023,1
Blue_whiting,134,NA,372,7568,2057,1
Blue_whiting,135,NA,338,7623,2036,1
Blue_whiting,136,NA,359,7537,2102,1
Blue_whiting,137,NA,379,7713,1909,1
Blue_whiting,138,NA,350,7670,1981,1
Blue_whiting,139,NA,376,7666,1956,1
Blue_whiting,140,NA,370,7696,1935,1
Blue_whiting,141,NA,356,7632,2009,1
Blue_whiting,142,NA,339,7786,1872,1
Blue_whiting,143,NA,344,7649,2002,1
Blue_whiting,144,NA,360,7628,2009,1
Capelin,1,179,1140,6930,1737,13
Capelin,2,75,3274,4761,1884,3
Capelin,3,56,2508,5096,2329,9
Capelin,4,43,2079,4567,3280,30
Capelin,5,39,2099,4433,3391,35
Capelin,6,48,2577,4063,3270,36
Capelin,7,53,3008,4029,2878,29
Capelin,8,78,4376,3314,2210,21
Capelin,9,42,2367,4917,2656,19
Capelin,10,38,2183,4247,3493,37
Capelin,11,61,3394,3676,2834,33
Capelin,12,52,2853,4302,2764,26
Capelin,13,58,3022,4002,2886,29
Capelin,14,65,2903,4241,2760,26
Capelin,15,45,1843,4866,3216,30
Capelin,16,77,3181,3659,3049,34
Capelin,17,93,3868,3817,2206,20
Capelin,18,47,1974,5021,2933,23
Capelin,19,78,3284,3574,3033,32
Capelin,20,83,3503,4066,2328,20
Capelin,21,60,2521,4596,2797,23
Capelin,22,46,2027,4548,3346,33
Capelin,23,74,3266,3669,2954,35
Capelin,24,47,2489,4602,2837,24
Capelin,25,47,2768,3917,3231,35
Capelin,26,53,3289,3814,2812,31
Capelin,27,66,3586,3775,2548,25
Capelin,28,61,3271,4069,2575,24
Capelin,29,82,3517,3848,2527,24
Capelin,30,74,3147,4245,2513,21
Capelin,31,99,4297,3459,2128,19
Capelin,32,42,1829,5299,2808,20
Capelin,33,47,2011,4084,3815,42
Capelin,34,80,3493,3659,2733,33
Capelin,35,72,3091,4274,2542,21
Capelin,36,63,2662,4417,2833,25
Capelin,37,48,2002,4683,3235,31
Capelin,38,77,3302,3657,2933,33
Capelin,39,63,2813,4489,2610,22
Capelin,40,35,2031,4547,3356,31
Capelin,41,36,2102,4173,3645,45
Capelin,42,33,1862,4393,3666,46
Capelin,43,56,2856,3741,3304,42
Capelin,44,60,2552,4479,2881,29
Capelin,45,39,1639,4783,3502,36
Capelin,46,100,4157,2993,2717,33
Capelin,47,79,3328,4391,2185,14
Capelin,48,46,1953,4865,3111,26
Capelin,49,62,2626,4035,3240,35
Capelin,50,67,2840,4253,2809,30
Capelin,51,62,2658,4353,2901,26
Capelin,52,53,2261,4510,3145,30
Capelin,53,38,1588,4760,3577,37
Capelin,54,79,3307,3367,3206,40
Capelin,55,79,3383,4187,2330,20
Capelin,56,36,1592,5135,3210,26
Capelin,57,67,2958,3511,3421,42
Capelin,58,64,3548,3895,2467,25
Capelin,59,39,2425,4511,2996,25
Capelin,60,35,2135,4228,3561,41
Capelin,61,53,3121,3698,3084,38
Capelin,62,51,2911,4178,2828,29
Capelin,63,49,2471,4343,3103,30
Capelin,64,51,2188,4436,3287,37
Capelin,65,35,1533,4714,3675,41
Capelin,66,58,2517,3867,3513,44
Capelin,67,88,3848,3594,2442,27
Capelin,68,52,2252,4908,2764,21
Capelin,69,58,2568,4110,3229,32
Capelin,70,89,3896,3494,2494,27
Capelin,71,47,2033,5104,2798,21
Capelin,72,40,1775,4401,3743,40
Capelin,73,70,3737,3279,2876,38
Capelin,74,59,3537,3965,2416,20
Capelin,75,29,1704,4903,3333,30
Capelin,76,38,2227,3855,3829,51
Capelin,77,71,3822,3415,2656,34
Capelin,78,45,2103,4972,2855,22
Capelin,79,63,2737,3881,3279,35
Capelin,80,79,3434,3921,2541,27
Capelin,81,55,2371,4701,2850,24
Capelin,82,50,2187,4367,3363,33
Capelin,83,92,3964,3341,2572,30
Capelin,84,52,2259,4964,2707,20
Capelin,85,63,2708,3943,3252,34
Capelin,86,50,2144,4654,3120,32
Capelin,87,80,3478,3524,2886,31
Capelin,88,82,3552,4031,2318,20
Capelin,89,54,2326,4712,2882,25
Capelin,90,40,1766,4602,3556,36
Capelin,91,88,3805,3271,2802,35
Capelin,92,63,2850,4559,2511,20
Capelin,93,38,2014,4559,3353,31
Capelin,94,55,3343,3476,3085,39
Capelin,95,50,3015,4180,2728,27
Capelin,96,30,1782,4647,3501,36
Capelin,97,46,2427,3834,3645,48
Capelin,98,59,2754,4125,3022,37
Capelin,99,69,3013,4079,2812,28
Capelin,100,81,3565,3806,2522,23
Capelin,101,64,2751,4466,2697,22
Capelin,102,55,2393,4418,3104,30
Capelin,103,65,2867,4049,2986,31
Capelin,104,71,3072,4127,2704,25
Capelin,105,66,2873,4246,2789,25
Capelin,106,64,2784,4223,2901,28
Capelin,107,73,3146,4005,2748,27
Capelin,108,44,2445,4519,2963,27
Capelin,109,38,2279,4205,3437,38
Capelin,110,56,3403,3556,2949,36
Capelin,111,59,3450,3893,2571,25
Capelin,112,38,1958,4761,3211,30
Capelin,113,68,3189,3481,3222,38
Capelin,114,67,2903,4381,2624,26
Capelin,115,61,2645,4321,2946,27
Capelin,116,68,2937,4062,2900,30
Capelin,117,47,2048,4731,3143,30
Capelin,118,52,2256,4151,3498,40
Capelin,119,103,4475,3135,2259,25
Capelin,120,65,2813,4716,2387,16
Capelin,121,56,2427,4317,3171,30
Capelin,122,65,2830,4062,3012,34
Capelin,123,52,2866,4167,2885,27
Capelin,124,70,3053,4018,2827,28
Capelin,125,63,2718,4367,2826,27
Capelin,126,52,2304,4386,3226,32
Capelin,127,79,3436,3696,2758,30
Capelin,128,60,2667,4529,2719,23
Capelin,129,33,1475,4812,3640,36
Capelin,130,89,3852,3057,2960,37
Capelin,131,74,3193,4388,2325,19
Capelin,132,49,2196,4633,3092,28
Capelin,133,49,2703,3962,3248,36
Capelin,134,61,2671,4224,3009,34
Capelin,135,66,2883,4084,2934,32
Capelin,136,90,3950,3545,2388,22
Capelin,137,65,2935,4444,2533,21
Capelin,138,41,1814,4711,3399,32
Capelin,139,71,3109,3624,3156,38
Capelin,140,44,1912,4957,3057,30
Capelin,141,85,3703,3283,2896,32
Capelin,142,52,2794,4561,2569,21
Capelin,143,43,2406,4226,3292,34
Capelin,144,51,3005,3833,3075,36
Green_halibut,1,1,4218,4670,947,133
Green_halibut,2,5,2603,6145,1109,105
Green_halibut,3,NA,1284,6839,1729,124
Green_halibut,4,NA,1220,6303,2308,132
Green_halibut,5,NA,1054,5767,2980,167
Green_halibut,6,NA,852,6325,2618,170
Green_halibut,7,NA,393,6709,2638,218
Green_halibut,8,NA,234,6507,2983,253
Green_halibut,9,NA,157,5585,3928,294
Green_halibut,10,NA,157,4838,4640,343
Green_halibut,11,NA,142,4554,4807,456
Green_halibut,12,NA,137,4296,5003,523
Green_halibut,13,NA,128,4170,5079,582
Green_halibut,14,NA,134,4133,5084,599
Green_halibut,15,NA,146,4111,5071,625
Green_halibut,16,NA,140,4223,4977,628
Green_halibut,17,NA,134,4253,4925,647
Green_halibut,18,NA,138,4349,4870,604
Green_halibut,19,NA,136,4330,4882,618
Green_halibut,20,NA,126,4231,5016,592
Green_halibut,21,NA,118,4234,4995,626
Green_halibut,22,NA,122,4268,4960,607
Green_halibut,23,NA,115,4143,5098,607
Green_halibut,24,NA,123,4143,5084,607
Green_halibut,25,NA,113,4067,5145,633
Green_halibut,26,NA,106,4007,5197,650
Green_halibut,27,NA,114,4043,5146,650
Green_halibut,28,NA,105,4012,5187,656
Green_halibut,29,NA,116,4046,5159,654
Green_halibut,30,NA,108,4094,5116,646
Green_halibut,31,NA,111,4072,5117,659
Green_halibut,32,NA,120,4028,5168,648
Green_halibut,33,NA,112,4021,5186,639
Green_halibut,34,NA,120,4076,5140,628
Green_halibut,35,NA,105,4019,5191,652
Green_halibut,36,NA,109,4062,5148,640
Green_halibut,37,NA,110,4014,5185,650
Green_halibut,38,NA,117,4088,5144,618
Green_halibut,39,NA,114,4029,5174,654
Green_halibut,40,NA,110,3962,5223,657
Green_halibut,41,NA,115,3998,5193,654
Green_halibut,42,NA,110,4036,5149,667
Green_halibut,43,NA,105,3976,5205,676
Green_halibut,44,NA,99,3979,5188,688
Green_halibut,45,NA,108,3979,5221,660
Green_halibut,46,NA,111,3977,5207,673
Green_halibut,47,NA,106,4009,5200,648
Green_halibut,48,NA,99,4004,5191,657
Green_halibut,49,NA,114,4023,5176,652
Green_halibut,50,NA,97,3935,5261,674
Green_halibut,51,NA,128,3950,5225,667
Green_halibut,52,NA,110,4018,5199,633
Green_halibut,53,NA,95,4035,5194,641
Green_halibut,54,NA,98,4002,5199,660
Green_halibut,55,NA,114,4107,5124,628
Green_halibut,56,NA,112,4104,5105,644
Green_halibut,57,NA,109,4070,5145,630
Green_halibut,58,NA,98,3985,5253,629
Green_halibut,59,NA,112,3949,5235,673
Green_halibut,60,NA,109,3958,5212,676
Green_halibut,61,NA,107,3854,5293,703
Green_halibut,62,NA,114,3829,5346,685
Green_halibut,63,NA,115,3924,5254,664
Green_halibut,64,NA,110,3866,5277,704
Green_halibut,65,NA,112,3897,5281,682
Green_halibut,66,NA,124,3990,5179,668
Green_halibut,67,NA,129,4009,5140,680
Green_halibut,68,NA,143,4088,5084,656
Green_halibut,69,NA,144,4109,5073,640
Green_halibut,70,NA,131,4114,5089,626
Green_halibut,71,NA,142,4108,5088,636
Green_halibut,72,NA,129,4088,5114,639
Green_halibut,73,NA,137,4126,5057,648
Green_halibut,74,NA,121,4103,5100,643
Green_halibut,75,NA,126,4131,5046,656
Green_halibut,76,NA,123,4078,5106,646
Green_halibut,77,NA,124,4059,5107,663
Green_halibut,78,NA,128,4044,5157,636
Green_halibut,79,NA,132,4136,5067,630
Green_halibut,80,NA,121,4069,5134,637
Green_halibut,81,NA,138,4103,5105,628
Green_halibut,82,NA,129,4156,5066,613
Green_halibut,83,NA,132,4144,5079,607
Green_halibut,84,NA,133,4107,5103,619
Green_halibut,85,NA,130,4103,5111,618
Green_halibut,86,NA,135,4143,5069,611
Green_halibut,87,NA,120,4094,5080,648
Green_halibut,88,NA,123,4101,5123,613
Green_halibut,89,NA,136,4115,5089,628
Green_halibut,90,NA,139,4171,5034,617
Green_halibut,91,NA,130,4125,5091,601
Green_halibut,92,NA,133,4117,5098,619
Green_halibut,93,NA,117,4151,5073,628
Green_halibut,94,NA,117,4163,5072,609
Green_halibut,95,NA,124,4059,5139,638
Green_halibut,96,NA,126,4075,5122,639
Green_halibut,97,NA,131,4064,5140,628
Green_halibut,98,NA,123,4052,5158,638
Green_halibut,99,NA,127,4082,5128,626
Green_halibut,100,NA,117,4065,5142,634
Green_halibut,101,NA,110,4029,5183,642
Green_halibut,102,NA,113,4085,5116,643
Green_halibut,103,NA,128,4104,5098,637
Green_halibut,104,NA,120,4096,5110,632
Green_halibut,105,NA,127,4074,5138,627
Green_halibut,106,NA,131,4200,5041,586
Green_halibut,107,NA,119,4141,5105,598
Green_halibut,108,NA,118,4112,5141,592
Green_halibut,109,NA,124,4131,5139,576
Green_halibut,110,NA,139,4106,5135,593
Green_halibut,111,NA,115,4109,5153,588
Green_halibut,112,NA,114,4110,5179,564
Green_halibut,113,NA,112,4104,5175,565
Green_halibut,114,NA,115,4088,5207,552
Green_halibut,115,NA,123,4038,5219,587
Green_halibut,116,NA,119,4093,5177,569
Green_halibut,117,NA,135,4125,5144,558
Green_halibut,118,NA,124,4088,5170,589
Green_halibut,119,NA,120,4099,5161,588
Green_halibut,120,NA,119,4155,5106,576
Green_halibut,121,NA,123,4113,5143,577
Green_halibut,122,NA,139,4159,5098,569
Green_halibut,123,NA,131,4124,5102,608
Green_halibut,124,NA,130,4174,5097,566
Green_halibut,125,NA,125,4180,5132,534
Green_halibut,126,NA,115,4073,5197,574
Green_halibut,127,NA,128,4210,5080,545
Green_halibut,128,NA,116,4191,5094,559
Green_halibut,129,NA,117,4078,5181,594
Green_halibut,130,NA,111,4133,5107,611
Green_halibut,131,NA,117,4138,5130,580
Green_halibut,132,NA,129,4083,5162,599
Green_halibut,133,NA,116,4124,5149,573
Green_halibut,134,NA,122,4070,5181,591
Green_halibut,135,NA,124,4127,5108,603
Green_halibut,136,NA,120,4114,5125,597
Green_halibut,137,NA,121,4135,5164,542
Green_halibut,138,NA,133,4070,5182,575
Green_halibut,139,NA,122,4079,5163,599
Green_halibut,140,NA,126,4123,5137,572
Green_halibut,141,NA,111,4141,5147,561
Green_halibut,142,NA,113,4101,5204,552
Green_halibut,143,NA,123,4077,5190,573
Green_halibut,144,NA,120,4017,5228,593
Haddock,1,31,7719,2230,4,NA
Haddock,2,NA,3480,6462,46,NA
Haddock,3,NA,951,8813,220,NA
Haddock,4,NA,365,8986,620,NA
Haddock,5,NA,129,8450,1401,NA
Haddock,6,NA,147,7513,2326,NA
Haddock,7,NA,112,6685,3189,4
Haddock,8,NA,121,5866,3983,17
Haddock,9,NA,144,5269,4540,35
Haddock,10,NA,121,4778,5017,66
Haddock,11,NA,316,4564,5015,93
Haddock,12,NA,233,4495,5125,128
Haddock,13,NA,804,4843,4203,125
Haddock,14,NA,481,5544,3811,132
Haddock,15,NA,270,6777,2819,108
Haddock,16,NA,131,6836,2921,101
Haddock,17,NA,130,6124,3639,93
Haddock,18,NA,236,5738,3923,87
Haddock,19,NA,286,5575,4029,83
Haddock,20,NA,378,5740,3794,75
Haddock,21,NA,345,6010,3558,69
Haddock,22,NA,718,5965,3245,53
Haddock,23,NA,873,5864,3178,54
Haddock,24,NA,851,6742,2357,37
Haddock,25,NA,521,7447,1982,35
Haddock,26,NA,409,7541,2007,31
Haddock,27,NA,784,7008,2162,29
Haddock,28,NA,3191,4964,1812,22
Haddock,29,NA,2318,6466,1181,10
Haddock,30,NA,569,8898,506,3
Haddock,31,NA,71,8743,1169,2
Haddock,32,NA,136,7090,2747,4
Haddock,33,NA,417,6028,3543,5
Haddock,34,NA,684,5684,3605,10
Haddock,35,2,7080,1975,920,1
Haddock,36,NA,4592,4976,407,NA
Haddock,37,NA,725,9081,169,NA
Haddock,38,NA,48,9099,829,NA
Haddock,39,NA,15,7202,2762,1
Haddock,40,NA,67,6043,3866,7
Haddock,41,NA,156,5134,4665,17
Haddock,42,NA,351,4809,4788,26
Haddock,43,NA,431,4747,4760,36
Haddock,44,NA,2567,4129,3244,38
Haddock,45,NA,1908,5778,2259,35
Haddock,46,NA,588,8330,1029,20
Haddock,47,NA,82,8329,1543,26
Haddock,48,NA,1806,5794,2346,28
Haddock,49,NA,2268,5743,1956,22
Haddock,50,NA,2203,6889,872,10
Haddock,51,NA,2433,6850,675,6
Haddock,52,NA,1002,8248,708,5
Haddock,53,NA,208,9121,642,1
Haddock,54,NA,17,8271,1694,NA
Haddock,55,NA,18,6430,3526,3
Haddock,56,NA,74,5431,4459,12
Haddock,57,NA,71,4803,5080,25
Haddock,58,NA,327,4515,5094,34
Haddock,59,NA,466,4301,5163,54
Haddock,60,NA,1935,4143,3848,57
Haddock,61,NA,1410,5601,2915,58
Haddock,62,NA,494,7924,1520,36
Haddock,63,NA,63,7960,1908,43
Haddock,64,NA,35,6858,3045,49
Haddock,65,1,2559,4434,2940,45
Haddock,66,NA,2914,4934,2096,36
Haddock,67,NA,734,8343,888,14
Haddock,68,NA,58,8561,1348,16
Haddock,69,NA,25,7057,2872,15
Haddock,70,NA,65,6031,3859,21
Haddock,71,NA,52,5273,4629,27
Haddock,72,NA,66,5017,4857,37
Haddock,73,NA,120,4463,5335,61
Haddock,74,NA,121,4123,5658,83
Haddock,75,NA,154,3914,5792,120
Haddock,76,1,4235,2279,3377,89
Haddock,77,NA,3489,4604,1824,59
Haddock,78,NA,653,8595,710,24
Haddock,79,NA,45,8650,1257,27
Haddock,80,NA,14,7019,2922,26
Haddock,81,NA,30,5897,4018,36
Haddock,82,NA,95,5000,4829,60
Haddock,83,NA,109,4777,5023,73
Haddock,84,NA,275,4496,5141,73
Haddock,85,NA,187,4522,5210,59
Haddock,86,NA,107,5002,4798,73
Haddock,87,NA,49,4857,4977,101
Haddock,88,NA,89,4242,5511,140
Haddock,89,NA,1312,3283,5215,168
Haddock,90,NA,1374,4289,4149,166
Haddock,91,NA,464,7250,2172,99
Haddock,92,NA,49,7382,2448,104
Haddock,93,NA,26,6195,3663,108
Haddock,94,NA,289,5094,4475,127
Haddock,95,NA,642,4633,4569,135
Haddock,96,NA,486,5844,3594,53
Haddock,97,NA,155,7016,2780,30
Haddock,98,NA,56,6578,3311,36
Haddock,99,NA,77,5608,4248,49
Haddock,100,NA,111,4992,4812,71
Haddock,101,NA,244,4602,5031,104
Haddock,102,NA,238,4671,4954,121
Haddock,103,NA,269,5006,4580,127
Haddock,104,NA,201,5299,4353,136
Haddock,105,NA,473,5255,4126,130
Haddock,106,NA,627,5174,4045,133
Haddock,107,NA,396,6078,3388,122
Haddock,108,NA,638,6573,2676,94
Haddock,109,NA,313,6850,2757,64
Haddock,110,NA,274,7176,2487,45
Haddock,111,NA,3095,4871,1995,29
Haddock,112,NA,2157,6255,1560,19
Haddock,113,NA,484,8784,708,4
Haddock,114,NA,42,8611,1329,5
Haddock,115,NA,192,6800,2983,2
Haddock,116,NA,349,5940,3691,6
Haddock,117,NA,600,5832,3546,11
Haddock,118,NA,320,6536,3117,15
Haddock,119,NA,116,6936,2915,19
Haddock,120,NA,61,6493,3392,27
Haddock,121,NA,146,5494,4291,42
Haddock,122,NA,615,4686,4618,59
Haddock,123,NA,348,5108,4450,85
Haddock,124,NA,245,6411,3252,76
Haddock,125,NA,946,5663,3297,82
Haddock,126,NA,461,5997,3445,79
Haddock,127,NA,318,7207,2403,57
Haddock,128,NA,99,6928,2884,69
Haddock,129,NA,392,5924,3598,70
Haddock,130,NA,320,5717,3866,74
Haddock,131,NA,378,6257,3301,50
Haddock,132,NA,112,6586,3236,49
Haddock,133,NA,362,6078,3490,53
Haddock,134,NA,623,5419,3881,60
Haddock,135,NA,447,5914,3562,58
Haddock,136,NA,485,6633,2800,52
Haddock,137,NA,106,6855,2969,55
Haddock,138,NA,416,6396,3124,46
Haddock,139,NA,167,6030,3732,62
Haddock,140,NA,498,6032,3403,59
Haddock,141,NA,178,6014,3720,72
Haddock,142,NA,525,6153,3249,58
Haddock,143,NA,789,5849,3289,60
Haddock,144,NA,341,6585,3004,57
Long_rough_dab,1,950,4901,4083,62,NA
Long_rough_dab,2,624,4404,4595,377,NA
Long_rough_dab,3,252,4201,4694,852,1
Long_rough_dab,4,145,3980,4637,1222,4
Long_rough_dab,5,105,3687,4647,1548,10
Long_rough_dab,6,88,3552,4642,1698,14
Long_rough_dab,7,75,3646,4526,1731,17
Long_rough_dab,8,65,3774,4309,1822,21
Long_rough_dab,9,52,3882,4300,1734,21
Long_rough_dab,10,48,3842,4293,1791,22
Long_rough_dab,11,40,3757,4365,1810,23
Long_rough_dab,12,42,3686,4470,1771,23
Long_rough_dab,13,35,3531,4616,1783,27
Long_rough_dab,14,29,3354,4758,1828,27
Long_rough_dab,15,33,3270,4773,1885,26
Long_rough_dab,16,28,3147,4793,2000,24
Long_rough_dab,17,33,3009,4778,2145,27
Long_rough_dab,18,35,3098,4621,2208,32
Long_rough_dab,19,28,2964,4552,2421,37
Long_rough_dab,20,30,2964,4589,2369,35
Long_rough_dab,21,36,2933,4554,2432,36
Long_rough_dab,22,36,2916,4548,2450,36
Long_rough_dab,23,29,2812,4562,2548,37
Long_rough_dab,24,28,2759,4650,2524,36
Long_rough_dab,25,28,2759,4606,2561,38
Long_rough_dab,26,28,2706,4612,2604,40
Long_rough_dab,27,25,2715,4624,2595,39
Long_rough_dab,28,24,2584,4676,2668,41
Long_rough_dab,29,26,2591,4686,2644,41
Long_rough_dab,30,25,2535,4637,2750,42
Long_rough_dab,31,23,2516,4604,2803,48
Long_rough_dab,32,22,2518,4619,2784,47
Long_rough_dab,33,26,2470,4554,2889,51
Long_rough_dab,34,26,2518,4546,2852,47
Long_rough_dab,35,22,2413,4593,2914,52
Long_rough_dab,36,26,2446,4542,2929,53
Long_rough_dab,37,24,2332,4655,2933,52
Long_rough_dab,38,21,2424,4553,2946,52
Long_rough_dab,39,21,2371,4553,2995,54
Long_rough_dab,40,17,2354,4541,3024,54
Long_rough_dab,41,22,2355,4539,3024,54
Long_rough_dab,42,21,2356,4498,3064,55
Long_rough_dab,43,25,2366,4547,3002,53
Long_rough_dab,44,28,2334,4567,3010,53
Long_rough_dab,45,20,2419,4560,2942,53
Long_rough_dab,46,17,2347,4581,3000,51
Long_rough_dab,47,22,2407,4543,2979,50
Long_rough_dab,48,25,2355,4562,2998,49
Long_rough_dab,49,21,2394,4573,2957,49
Long_rough_dab,50,24,2439,4540,2945,49
Long_rough_dab,51,19,2303,4600,3017,52
Long_rough_dab,52,23,2343,4600,2975,53
Long_rough_dab,53,22,2323,4605,2989,53
Long_rough_dab,54,21,2325,4600,2995,54
Long_rough_dab,55,24,2359,4587,2970,52
Long_rough_dab,56,26,2374,4493,3045,55
Long_rough_dab,57,24,2319,4515,3082,55
Long_rough_dab,58,26,2305,4571,3040,53
Long_rough_dab,59,22,2280,4536,3103,59
Long_rough_dab,60,21,2350,4581,2983,53
Long_rough_dab,61,24,2391,4465,3060,53
Long_rough_dab,62,16,2371,4539,3006,54
Long_rough_dab,63,22,2415,4533,2978,49
Long_rough_dab,64,21,2405,4568,2952,49
Long_rough_dab,65,22,2444,4555,2931,49
Long_rough_dab,66,20,2434,4534,2958,49
Long_rough_dab,67,19,2458,4562,2907,48
Long_rough_dab,68,22,2402,4565,2959,49
Long_rough_dab,69,25,2418,4584,2924,49
Long_rough_dab,70,25,2395,4545,2977,52
Long_rough_dab,71,21,2421,4575,2931,50
Long_rough_dab,72,23,2413,4569,2942,49
Long_rough_dab,73,26,2450,4557,2905,52
Long_rough_dab,74,18,2411,4583,2934,53
Long_rough_dab,75,28,2310,4542,3061,56
Long_rough_dab,76,21,2355,4516,3047,54
Long_rough_dab,77,26,2352,4576,2990,53
Long_rough_dab,78,23,2424,4545,2945,52
Long_rough_dab,79,25,2452,4492,2970,53
Long_rough_dab,80,21,2405,4544,2970,53
Long_rough_dab,81,21,2380,4544,2997,50
Long_rough_dab,82,23,2431,4610,2881,50
Long_rough_dab,83,25,2384,4508,3015,54
Long_rough_dab,84,21,2363,4605,2949,52
Long_rough_dab,85,21,2367,4585,2968,53
Long_rough_dab,86,25,2311,4596,3010,54
Long_rough_dab,87,21,2339,4519,3061,57
Long_rough_dab,88,19,2317,4580,3027,56
Long_rough_dab,89,24,2350,4532,3031,57
Long_rough_dab,90,17,2337,4617,2973,54
Long_rough_dab,91,26,2366,4514,3031,55
Long_rough_dab,92,26,2356,4567,2993,56
Long_rough_dab,93,24,2370,4497,3046,58
Long_rough_dab,94,23,2261,4536,3120,62
Long_rough_dab,95,23,2323,4543,3043,61
Long_rough_dab,96,18,2266,4545,3103,61
Long_rough_dab,97,21,2356,4564,2996,56
Long_rough_dab,98,19,2335,4557,3025,56
Long_rough_dab,99,23,2341,4526,3043,60
Long_rough_dab,100,23,2296,4499,3110,62
Long_rough_dab,101,19,2291,4558,3061,62
Long_rough_dab,102,20,2301,4565,3043,59
Long_rough_dab,103,19,2282,4504,3128,61
Long_rough_dab,104,25,2293,4473,3135,62
Long_rough_dab,105,21,2349,4484,3078,62
Long_rough_dab,106,22,2312,4562,3036,56
Long_rough_dab,107,24,2287,4513,3106,61
Long_rough_dab,108,26,2337,4494,3078,60
Long_rough_dab,109,23,2293,4563,3056,61
Long_rough_dab,110,21,2341,4499,3071,61
Long_rough_dab,111,21,2349,4510,3058,58
Long_rough_dab,112,27,2254,4535,3121,62
Long_rough_dab,113,21,2355,4444,3112,62
Long_rough_dab,114,21,2286,4463,3154,62
Long_rough_dab,115,21,2294,4499,3114,61
Long_rough_dab,116,21,2275,4500,3123,63
Long_rough_dab,117,26,2327,4439,3134,63
Long_rough_dab,118,18,2249,4586,3074,61
Long_rough_dab,119,21,2290,4508,3116,62
Long_rough_dab,120,20,2295,4483,3129,63
Long_rough_dab,121,20,2276,4521,3107,61
Long_rough_dab,122,25,2266,4468,3170,63
Long_rough_dab,123,25,2251,4572,3085,63
Long_rough_dab,124,18,2250,4509,3146,69
Long_rough_dab,125,23,2247,4545,3112,64
Long_rough_dab,126,23,2243,4490,3165,71
Long_rough_dab,127,21,2270,4517,3114,70
Long_rough_dab,128,19,2238,4470,3191,71
Long_rough_dab,129,23,2247,4463,3183,72
Long_rough_dab,130,17,2222,4430,3253,72
Long_rough_dab,131,20,2200,4491,3211,74
Long_rough_dab,132,22,2261,4468,3172,72
Long_rough_dab,133,20,2213,4532,3159,73
Long_rough_dab,134,24,2230,4482,3185,75
Long_rough_dab,135,18,2224,4496,3185,73
Long_rough_dab,136,22,2255,4481,3162,71
Long_rough_dab,137,16,2280,4436,3189,76
Long_rough_dab,138,17,2221,4476,3207,77
Long_rough_dab,139,18,2231,4467,3208,74
Long_rough_dab,140,18,2254,4446,3197,76
Long_rough_dab,141,23,2241,4480,3186,73
Long_rough_dab,142,17,2233,4465,3205,76
Long_rough_dab,143,19,2160,4476,3265,79
Long_rough_dab,144,21,2188,4521,3187,78
North_atl_cod,1,1,4567,5300,94,NA
North_atl_cod,2,NA,3359,6528,83,NA
North_atl_cod,3,NA,1623,8118,230,NA
North_atl_cod,4,NA,830,8677,463,NA
North_atl_cod,5,NA,414,8694,861,NA
North_atl_cod,6,NA,201,8327,1444,NA
North_atl_cod,7,NA,115,7634,2220,3
North_atl_cod,8,NA,65,6702,3198,10
North_atl_cod,9,NA,48,5701,4202,26
North_atl_cod,10,NA,41,4925,4965,51
North_atl_cod,11,NA,38,4294,5564,78
North_atl_cod,12,NA,36,3822,6002,115
North_atl_cod,13,NA,27,3386,6415,153
North_atl_cod,14,NA,34,3080,6666,188
North_atl_cod,15,NA,32,2902,6796,241
North_atl_cod,16,NA,51,2723,6945,254
North_atl_cod,17,NA,48,2796,6886,253
North_atl_cod,18,NA,56,2900,6756,252
North_atl_cod,19,NA,62,3308,6400,212
North_atl_cod,20,NA,67,3548,6190,185
North_atl_cod,21,NA,65,3644,6122,157
North_atl_cod,22,NA,69,3644,6114,150
North_atl_cod,23,NA,68,3683,6090,139
North_atl_cod,24,NA,69,3612,6163,135
North_atl_cod,25,NA,61,3523,6247,132
North_atl_cod,26,NA,58,3486,6291,131
North_atl_cod,27,NA,69,3471,6289,132
North_atl_cod,28,NA,54,3574,6204,120
North_atl_cod,29,NA,48,3522,6266,124
North_atl_cod,30,NA,45,3422,6361,122
North_atl_cod,31,NA,57,3397,6398,124
North_atl_cod,32,NA,51,3172,6615,146
North_atl_cod,33,NA,59,3209,6555,150
North_atl_cod,34,NA,53,3235,6530,156
North_atl_cod,35,NA,45,3302,6465,160
North_atl_cod,36,NA,28,3074,6682,179
North_atl_cod,37,NA,35,2863,6868,205
North_atl_cod,38,NA,32,2655,7057,235
North_atl_cod,39,NA,40,2538,7133,271
North_atl_cod,40,NA,47,2673,6985,276
North_atl_cod,41,NA,53,2671,6938,297
North_atl_cod,42,NA,46,2787,6841,288
North_atl_cod,43,NA,60,3035,6628,244
North_atl_cod,44,NA,58,3139,6546,226
North_atl_cod,45,NA,52,3259,6450,197
North_atl_cod,46,NA,38,3208,6549,187
North_atl_cod,47,NA,36,3048,6693,191
North_atl_cod,48,NA,47,2939,6780,203
North_atl_cod,49,NA,38,2843,6862,216
North_atl_cod,50,NA,43,2878,6830,221
North_atl_cod,51,NA,46,2935,6758,228
North_atl_cod,52,NA,36,2938,6771,223
North_atl_cod,53,NA,34,2896,6813,225
North_atl_cod,54,NA,33,2720,6972,240
North_atl_cod,55,NA,27,2533,7136,266
North_atl_cod,56,NA,34,2381,7222,329
North_atl_cod,57,NA,36,2345,7246,342
North_atl_cod,58,NA,31,2366,7232,350
North_atl_cod,59,NA,31,2312,7255,363
North_atl_cod,60,NA,27,2284,7281,369
North_atl_cod,61,NA,32,2317,7236,384
North_atl_cod,62,NA,28,2350,7207,378
North_atl_cod,63,NA,35,2496,7083,357
North_atl_cod,64,NA,39,2415,7151,371
North_atl_cod,65,NA,31,2440,7153,351
North_atl_cod,66,NA,37,2568,7034,324
North_atl_cod,67,NA,32,2597,7023,317
North_atl_cod,68,NA,33,2522,7097,323
North_atl_cod,69,NA,28,2506,7098,341
North_atl_cod,70,NA,35,2383,7196,357
North_atl_cod,71,NA,26,2347,7219,386
North_atl_cod,72,NA,34,2354,7171,409
North_atl_cod,73,NA,29,2382,7190,376
North_atl_cod,74,NA,31,2408,7166,375
North_atl_cod,75,NA,38,2423,7146,374
North_atl_cod,76,NA,32,2449,7128,368
North_atl_cod,77,NA,37,2389,7174,382
North_atl_cod,78,NA,32,2400,7157,387
North_atl_cod,79,NA,38,2448,7102,383
North_atl_cod,80,NA,26,2484,7089,368
North_atl_cod,81,NA,34,2422,7123,384
North_atl_cod,82,NA,32,2407,7148,394
North_atl_cod,83,NA,40,2438,7102,387
North_atl_cod,84,NA,42,2475,7074,372
North_atl_cod,85,NA,28,2453,7105,385
North_atl_cod,86,NA,32,2382,7149,410
North_atl_cod,87,NA,31,2417,7129,395
North_atl_cod,88,NA,31,2443,7134,372
North_atl_cod,89,NA,32,2436,7127,388
North_atl_cod,90,NA,40,2455,7088,393
North_atl_cod,91,NA,38,2483,7081,378
North_atl_cod,92,NA,27,2431,7148,360
North_atl_cod,93,NA,31,2403,7147,383
North_atl_cod,94,NA,31,2412,7142,389
North_atl_cod,95,NA,31,2330,7199,407
North_atl_cod,96,NA,31,2297,7228,411
North_atl_cod,97,NA,31,2292,7218,428
North_atl_cod,98,NA,28,2342,7202,401
North_atl_cod,99,NA,33,2347,7189,410
North_atl_cod,100,NA,26,2323,7213,412
North_atl_cod,101,NA,28,2337,7190,422
North_atl_cod,102,NA,36,2295,7232,421
North_atl_cod,103,NA,35,2322,7197,408
North_atl_cod,104,NA,31,2309,7197,447
North_atl_cod,105,NA,31,2313,7211,429
North_atl_cod,106,NA,30,2324,7207,419
North_atl_cod,107,NA,31,2366,7165,411
North_atl_cod,108,NA,30,2322,7206,423
North_atl_cod,109,NA,37,2348,7175,416
North_atl_cod,110,NA,30,2341,7196,407
North_atl_cod,111,NA,32,2361,7174,417
North_atl_cod,112,NA,25,2336,7176,438
North_atl_cod,113,NA,37,2323,7158,457
North_atl_cod,114,NA,31,2295,7173,479
North_atl_cod,115,NA,25,2220,7204,522
North_atl_cod,116,NA,32,2219,7187,532
North_atl_cod,117,NA,31,2223,7184,530
North_atl_cod,118,NA,31,2241,7191,507
North_atl_cod,119,NA,31,2267,7171,505
North_atl_cod,120,NA,31,2282,7137,525
North_atl_cod,121,NA,28,2270,7169,501
North_atl_cod,122,NA,31,2219,7187,535
North_atl_cod,123,NA,40,2239,7150,552
North_atl_cod,124,NA,34,2262,7131,553
North_atl_cod,125,NA,40,2277,7094,560
North_atl_cod,126,NA,26,2213,7117,609
North_atl_cod,127,NA,27,2140,7148,653
North_atl_cod,128,NA,32,2062,7167,724
North_atl_cod,129,NA,27,2060,7179,714
North_atl_cod,130,NA,33,2076,7171,690
North_atl_cod,131,NA,37,2128,7129,683
North_atl_cod,132,NA,31,2129,7120,687
North_atl_cod,133,NA,31,2171,7081,682
North_atl_cod,134,NA,36,2116,7122,698
North_atl_cod,135,NA,40,2210,7054,669
North_atl_cod,136,NA,31,2169,7078,705
North_atl_cod,137,NA,31,2110,7082,746
North_atl_cod,138,NA,32,2112,7060,767
North_atl_cod,139,NA,33,2071,7043,829
North_atl_cod,140,NA,34,2079,7047,813
North_atl_cod,141,NA,37,2095,7057,777
North_atl_cod,142,NA,31,2095,7032,804
North_atl_cod,143,NA,42,2118,7003,813
North_atl_cod,144,NA,31,2087,7038,818
Norwegian_ssh,1,NA,2145,7270,580,NA
Norwegian_ssh,2,NA,932,8158,905,NA
Norwegian_ssh,3,NA,312,8119,1566,2
Norwegian_ssh,4,NA,312,7263,2420,7
Norwegian_ssh,5,NA,576,6271,3137,15
Norwegian_ssh,6,NA,703,6297,2975,20
Norwegian_ssh,7,NA,529,6882,2565,16
Norwegian_ssh,8,NA,404,6956,2618,16
Norwegian_ssh,9,NA,314,6661,3003,19
Norwegian_ssh,10,NA,382,6444,3150,22
Norwegian_ssh,11,NA,417,6203,3350,24
Norwegian_ssh,12,NA,442,6415,3129,19
Norwegian_ssh,13,NA,408,6493,3078,19
Norwegian_ssh,14,NA,358,6673,2945,15
Norwegian_ssh,15,NA,281,6713,2979,18
Norwegian_ssh,16,NA,183,6750,3051,14
Norwegian_ssh,17,NA,199,6553,3228,12
Norwegian_ssh,18,NA,297,6235,3446,14
Norwegian_ssh,19,NA,390,6423,3171,10
Norwegian_ssh,20,NA,436,6915,2634,4
Norwegian_ssh,21,NA,369,7174,2444,2
Norwegian_ssh,22,NA,387,7155,2452,1
Norwegian_ssh,23,NA,413,7061,2521,1
Norwegian_ssh,24,NA,337,7165,2481,1
Norwegian_ssh,25,NA,292,7237,2468,1
Norwegian_ssh,26,NA,304,6968,2714,4
Norwegian_ssh,27,NA,300,6605,3078,8
Norwegian_ssh,28,NA,309,6523,3153,10
Norwegian_ssh,29,NA,233,6569,3186,11
Norwegian_ssh,30,NA,188,6505,3288,15
Norwegian_ssh,31,NA,229,6379,3375,15
Norwegian_ssh,32,NA,307,6388,3293,11
Norwegian_ssh,33,NA,458,6566,2962,9
Norwegian_ssh,34,NA,480,6906,2606,6
Norwegian_ssh,35,NA,275,7381,2339,4
Norwegian_ssh,36,NA,189,7401,2404,2
Norwegian_ssh,37,NA,171,7147,2676,2
Norwegian_ssh,38,NA,211,7210,2570,4
Norwegian_ssh,39,NA,224,7424,2347,1
Norwegian_ssh,40,NA,252,7404,2341,1
Norwegian_ssh,41,NA,299,7025,2675,2
Norwegian_ssh,42,NA,305,7000,2691,3
Norwegian_ssh,43,NA,360,6885,2747,2
Norwegian_ssh,44,NA,672,6575,2743,3
Norwegian_ssh,45,NA,731,6810,2451,3
Norwegian_ssh,46,NA,706,7330,1957,1
Norwegian_ssh,47,NA,432,7715,1842,NA
Norwegian_ssh,48,NA,352,7778,1870,NA
Norwegian_ssh,49,NA,327,7659,2006,1
Norwegian_ssh,50,NA,308,7760,1927,1
Norwegian_ssh,51,NA,336,7753,1902,1
Norwegian_ssh,52,NA,538,7527,1925,1
Norwegian_ssh,53,NA,739,7505,1757,1
Norwegian_ssh,54,NA,872,7792,1330,NA
Norwegian_ssh,55,NA,594,8023,1377,NA
Norwegian_ssh,56,NA,533,7795,1661,NA
Norwegian_ssh,57,NA,393,7514,2092,1
Norwegian_ssh,58,NA,400,7276,2315,1
Norwegian_ssh,59,NA,739,6745,2505,3
Norwegian_ssh,60,NA,854,6769,2369,4
Norwegian_ssh,61,NA,747,7273,1977,4
Norwegian_ssh,62,NA,536,7489,1964,4
Norwegian_ssh,63,NA,524,7545,1918,2
Norwegian_ssh,64,NA,416,7584,1990,2
Norwegian_ssh,65,NA,381,7727,1887,1
Norwegian_ssh,66,NA,333,7753,1905,1
Norwegian_ssh,67,NA,301,7767,1923,1
Norwegian_ssh,68,NA,462,7487,2042,1
Norwegian_ssh,69,NA,532,7565,1894,1
Norwegian_ssh,70,NA,767,7597,1643,NA
Norwegian_ssh,71,NA,607,7759,1631,NA
Norwegian_ssh,72,NA,664,7578,1758,NA
Norwegian_ssh,73,NA,566,7442,1990,NA
Norwegian_ssh,74,NA,481,7499,2017,NA
Norwegian_ssh,75,NA,662,7229,2101,2
Norwegian_ssh,76,NA,792,7085,2121,3
Norwegian_ssh,77,NA,735,7459,1796,2
Norwegian_ssh,78,NA,550,7917,1523,NA
Norwegian_ssh,79,NA,563,7877,1560,NA
Norwegian_ssh,80,NA,665,7544,1783,1
Norwegian_ssh,81,NA,877,7491,1629,1
Norwegian_ssh,82,NA,895,7811,1287,1
Norwegian_ssh,83,NA,695,8116,1183,NA
Norwegian_ssh,84,NA,596,8112,1288,NA
Norwegian_ssh,85,NA,719,7595,1681,1
Norwegian_ssh,86,NA,982,7127,1883,2
Norwegian_ssh,87,NA,1429,7094,1471,1
Norwegian_ssh,88,NA,1552,7286,1156,NA
Norwegian_ssh,89,NA,2003,7080,907,NA
Norwegian_ssh,90,NA,1992,7285,716,NA
Norwegian_ssh,91,NA,1916,7505,572,NA
Norwegian_ssh,92,NA,1988,7413,589,NA
Norwegian_ssh,93,NA,1771,7587,628,NA
Norwegian_ssh,94,NA,1790,7538,665,NA
Norwegian_ssh,95,NA,1961,7336,698,NA
Norwegian_ssh,96,NA,2373,6933,686,NA
Norwegian_ssh,97,NA,2681,6742,571,NA
Norwegian_ssh,98,NA,1966,7644,389,NA
Norwegian_ssh,99,NA,2026,7534,433,NA
Norwegian_ssh,100,3,3717,5714,567,NA
Norwegian_ssh,101,3,5434,4165,392,NA
Norwegian_ssh,102,2,6280,3548,162,NA
Norwegian_ssh,103,1,5931,3974,87,NA
Norwegian_ssh,104,NA,5313,4630,56,NA
Norwegian_ssh,105,NA,4582,5346,66,NA
Norwegian_ssh,106,NA,3265,6635,90,NA
Norwegian_ssh,107,NA,2289,7528,180,NA
Norwegian_ssh,108,8,4016,5621,349,NA
Norwegian_ssh,109,3,6411,3291,293,NA
Norwegian_ssh,110,1,6623,3268,103,NA
Norwegian_ssh,111,NA,5557,4401,40,NA
Norwegian_ssh,112,NA,4209,5736,51,NA
Norwegian_ssh,113,NA,4109,5782,107,NA
Norwegian_ssh,114,NA,4271,5531,192,NA
Norwegian_ssh,115,NA,3921,5885,190,NA
Norwegian_ssh,116,NA,3145,6694,163,NA
Norwegian_ssh,117,NA,2620,7110,267,NA
Norwegian_ssh,118,NA,2368,7200,433,NA
Norwegian_ssh,119,1,2726,6864,402,NA
Norwegian_ssh,120,NA,2616,6903,476,NA
Norwegian_ssh,121,NA,2653,6901,440,NA
Norwegian_ssh,122,NA,1694,7837,463,NA
Norwegian_ssh,123,NA,1305,8019,672,NA
Norwegian_ssh,124,NA,1508,7541,949,NA
Norwegian_ssh,125,NA,1443,7580,973,NA
Norwegian_ssh,126,NA,1835,7206,949,NA
Norwegian_ssh,127,NA,2084,7023,884,NA
Norwegian_ssh,128,NA,1752,7509,727,NA
Norwegian_ssh,129,NA,1409,7873,708,NA
Norwegian_ssh,130,NA,899,8279,820,NA
Norwegian_ssh,131,NA,770,8088,1137,NA
Norwegian_ssh,132,NA,1088,7199,1709,2
Norwegian_ssh,133,NA,1552,6838,1607,2
Norwegian_ssh,134,NA,1992,6917,1081,NA
Norwegian_ssh,135,NA,2090,7103,795,NA
Norwegian_ssh,136,NA,1463,7842,687,NA
Norwegian_ssh,137,NA,1100,8096,797,NA
Norwegian_ssh,138,NA,811,8046,1135,NA
Norwegian_ssh,139,NA,979,7687,1324,1
Norwegian_ssh,140,NA,930,7540,1516,1
Norwegian_ssh,141,NA,1073,7622,1303,NA
Norwegian_ssh,142,NA,1102,7470,1417,1
Norwegian_ssh,143,NA,1161,7594,1237,NA
Norwegian_ssh,144,NA,1014,7711,1266,1
Polar_cod,1,NA,79,8376,1540,1
Polar_cod,2,NA,93,8607,1298,NA
Polar_cod,3,NA,77,8662,1253,NA
Polar_cod,4,NA,59,8695,1243,NA
Polar_cod,5,NA,30,8589,1371,NA
Polar_cod,6,NA,14,8286,1695,NA
Polar_cod,7,NA,7,7968,2021,NA
Polar_cod,8,NA,4,7605,2383,NA
Polar_cod,9,NA,1,7245,2746,1
Polar_cod,10,NA,2,6992,2998,2
Polar_cod,11,NA,3,7041,2946,3
Polar_cod,12,NA,3,7028,2967,3
Polar_cod,13,NA,5,7457,2539,1
Polar_cod,14,NA,3,7368,2626,NA
Polar_cod,15,NA,3,7190,2803,2
Polar_cod,16,NA,3,7044,2946,3
Polar_cod,17,NA,2,7004,2990,2
Polar_cod,18,NA,2,6971,3019,4
Polar_cod,19,NA,4,7041,2949,2
Polar_cod,20,NA,2,7090,2901,3
Polar_cod,21,NA,2,7064,2924,2
Polar_cod,22,NA,3,7040,2948,2
Polar_cod,23,NA,3,7058,2927,3
Polar_cod,24,NA,2,6965,3025,2
Polar_cod,25,NA,1,6856,3135,4
Polar_cod,26,NA,2,6885,3103,4
Polar_cod,27,NA,3,6976,3016,3
Polar_cod,28,NA,2,7025,2971,2
Polar_cod,29,NA,3,7076,2918,3
Polar_cod,30,NA,3,7182,2806,2
Polar_cod,31,NA,3,7033,2958,3
Polar_cod,32,NA,3,6875,3116,2
Polar_cod,33,NA,2,6781,3208,5
Polar_cod,34,NA,2,6792,3188,4
Polar_cod,35,NA,2,6815,3175,4
Polar_cod,36,NA,3,6948,3042,3
Polar_cod,37,NA,2,6949,3036,3
Polar_cod,38,NA,3,6982,3010,2
Polar_cod,39,NA,2,6976,3017,3
Polar_cod,40,NA,3,7013,2973,2
Polar_cod,41,NA,3,6995,2996,2
Polar_cod,42,NA,3,6965,3024,2
Polar_cod,43,NA,2,6892,3100,5
Polar_cod,44,NA,3,6938,3053,3
Polar_cod,45,NA,2,6969,3021,4
Polar_cod,46,NA,3,7015,2979,2
Polar_cod,47,NA,3,6949,3047,4
Polar_cod,48,NA,2,6925,3062,3
Polar_cod,49,NA,2,6840,3151,4
Polar_cod,50,NA,2,6861,3121,4
Polar_cod,51,NA,2,6939,3044,4
Polar_cod,52,NA,2,6958,3029,2
Polar_cod,53,NA,3,6924,3066,4
Polar_cod,54,NA,2,6920,3072,4
Polar_cod,55,NA,2,6899,3092,2
Polar_cod,56,NA,2,6890,3097,4
Polar_cod,57,NA,2,7036,2960,2
Polar_cod,58,NA,3,7033,2956,2
Polar_cod,59,NA,3,6955,3030,3
Polar_cod,60,NA,3,6891,3099,2
Polar_cod,61,NA,1,6774,3218,5
Polar_cod,62,NA,2,6818,3169,4
Polar_cod,63,NA,2,6934,3051,4
Polar_cod,64,NA,3,7030,2959,2
Polar_cod,65,NA,3,7046,2945,1
Polar_cod,66,NA,2,7043,2947,3
Polar_cod,67,NA,2,6928,3059,2
Polar_cod,68,NA,3,6906,3089,4
Polar_cod,69,NA,3,6963,3027,3
Polar_cod,70,NA,2,6879,3113,4
Polar_cod,71,NA,2,6884,3108,4
Polar_cod,72,NA,3,6922,3067,4
Polar_cod,73,NA,2,6948,3044,4
Polar_cod,74,NA,3,6986,2999,2
Polar_cod,75,NA,2,6995,2993,3
Polar_cod,76,NA,2,7040,2949,2
Polar_cod,77,NA,3,6931,3052,3
Polar_cod,78,NA,2,6950,3047,4
Polar_cod,79,NA,1,6905,3087,2
Polar_cod,80,NA,3,6874,3118,4
Polar_cod,81,NA,2,7038,2958,2
Polar_cod,82,NA,3,7064,2928,2
Polar_cod,83,NA,3,7049,2947,2
Polar_cod,84,NA,3,7042,2946,3
Polar_cod,85,NA,2,6910,3085,2
Polar_cod,86,NA,1,6837,3157,4
Polar_cod,87,NA,3,6869,3116,4
Polar_cod,88,NA,2,6865,3122,4
Polar_cod,89,NA,3,6887,3105,4
Polar_cod,90,NA,3,6899,3092,5
Polar_cod,91,NA,2,6973,3021,2
Polar_cod,92,NA,2,6930,3064,4
Polar_cod,93,NA,3,6977,3004,4
Polar_cod,94,NA,2,7006,2982,3
Polar_cod,95,NA,3,6900,3091,3
Polar_cod,96,NA,2,6856,3134,4
Polar_cod,97,NA,2,6900,3092,3
Polar_cod,98,NA,1,6866,3125,4
Polar_cod,99,NA,3,6933,3054,4
Polar_cod,100,NA,2,7011,2978,2
Polar_cod,101,NA,3,7009,2985,2
Polar_cod,102,NA,3,6979,3013,4
Polar_cod,103,NA,2,6951,3041,3
Polar_cod,104,NA,NA,6779,3213,5
Polar_cod,105,NA,2,6827,3158,4
Polar_cod,106,NA,3,6919,3071,4
Polar_cod,107,NA,3,7109,2881,3
Polar_cod,108,NA,3,7153,2839,2
Polar_cod,109,NA,3,7027,2966,2
Polar_cod,110,NA,1,6846,3140,5
Polar_cod,111,NA,1,6799,3193,4
Polar_cod,112,NA,2,6804,3185,4
Polar_cod,113,NA,3,6911,3077,4
Polar_cod,114,NA,3,6960,3035,4
Polar_cod,115,NA,3,7004,2986,2
Polar_cod,116,NA,2,6929,3066,4
Polar_cod,117,NA,2,6999,2988,2
Polar_cod,118,NA,3,6985,3005,4
Polar_cod,119,NA,3,7009,2976,3
Polar_cod,120,NA,2,6932,3059,3
Polar_cod,121,NA,2,6894,3099,4
Polar_cod,122,NA,3,6941,3051,4
Polar_cod,123,NA,3,7012,2981,2
Polar_cod,124,NA,2,6994,2999,2
Polar_cod,125,NA,3,6945,3040,3
Polar_cod,126,NA,3,6921,3066,2
Polar_cod,127,NA,2,6906,3080,4
Polar_cod,128,NA,2,6890,3099,4
Polar_cod,129,NA,3,6919,3068,4
Polar_cod,130,NA,3,6978,3014,3
Polar_cod,131,NA,2,6930,3062,2
Polar_cod,132,NA,3,6921,3072,4
Polar_cod,133,NA,2,6950,3043,4
Polar_cod,134,NA,3,6979,3018,3
Polar_cod,135,NA,2,7004,2986,4
Polar_cod,136,NA,3,6997,2994,2
Polar_cod,137,NA,3,6865,3119,5
Polar_cod,138,NA,2,6860,3127,4
Polar_cod,139,NA,2,6821,3169,4
Polar_cod,140,NA,2,6920,3071,4
Polar_cod,141,NA,3,7020,2973,3
Polar_cod,142,NA,3,7009,2982,2
Polar_cod,143,NA,2,6896,3098,2
Polar_cod,144,NA,1,6833,3157,5
Redfish,1,NA,2146,6713,1135,NA
Redfish,2,NA,9248,658,80,NA
Redfish,3,NA,7802,2088,103,NA
Redfish,4,NA,7640,2257,96,NA
Redfish,5,NA,7204,2671,124,NA
Redfish,6,NA,7236,2594,165,NA
Redfish,7,NA,7198,2525,267,NA
Redfish,8,NA,7378,2200,415,NA
Redfish,9,NA,7381,2068,538,NA
Redfish,10,NA,7314,1948,729,2
Redfish,11,NA,7349,1741,899,7
Redfish,12,NA,7272,1628,1076,13
Redfish,13,NA,7255,1486,1227,22
Redfish,14,NA,7329,1288,1330,31
Redfish,15,NA,7261,1259,1429,44
Redfish,16,NA,7374,1132,1441,49
Redfish,17,NA,7367,1221,1356,46
Redfish,18,1,7373,1192,1382,48
Redfish,19,1,7537,1015,1388,52
Redfish,20,NA,7655,931,1353,49
Redfish,21,NA,7618,1000,1328,40
Redfish,22,NA,7532,1067,1352,42
Redfish,23,1,7593,1052,1306,39
Redfish,24,NA,7522,1072,1347,42
Redfish,25,NA,7423,1169,1362,38
Redfish,26,NA,7179,1343,1430,41
Redfish,27,NA,7018,1492,1448,38
Redfish,28,NA,7118,1365,1469,39
Redfish,29,NA,7222,1206,1523,44
Redfish,30,NA,7349,1166,1439,38
Redfish,31,NA,7321,1104,1533,37
Redfish,32,1,7376,1035,1537,38
Redfish,33,2,7482,916,1557,38
Redfish,34,NA,7496,977,1479,34
Redfish,35,NA,7269,1133,1554,38
Redfish,36,NA,7361,1121,1474,32
Redfish,37,NA,7275,1167,1528,34
Redfish,38,1,7277,1092,1587,35
Redfish,39,NA,7302,1129,1528,33
Redfish,40,NA,7182,1197,1579,34
Redfish,41,NA,6902,1511,1539,37
Redfish,42,NA,6891,1457,1601,39
Redfish,43,NA,7088,1296,1564,37
Redfish,44,2,7186,1175,1594,38
Redfish,45,NA,7381,1075,1497,35
Redfish,46,2,7322,1047,1586,38
Redfish,47,NA,7290,1059,1606,41
Redfish,48,1,7231,1107,1617,41
Redfish,49,1,7381,1007,1572,38
Redfish,50,NA,7378,1009,1571,36
Redfish,51,NA,7349,1017,1597,33
Redfish,52,1,7382,993,1575,36
Redfish,53,3,7439,957,1564,33
Redfish,54,NA,7508,932,1521,32
Redfish,55,NA,7410,1060,1496,32
Redfish,56,NA,7098,1383,1481,32
Redfish,57,NA,7041,1421,1503,32
Redfish,58,NA,6811,1592,1556,35
Redfish,59,1,6862,1467,1636,34
Redfish,60,NA,7078,1309,1566,35
Redfish,61,NA,7174,1239,1538,33
Redfish,62,NA,6992,1354,1607,39
Redfish,63,NA,7054,1309,1592,35
Redfish,64,NA,7210,1175,1574,35
Redfish,65,NA,7183,1263,1501,33
Redfish,66,2,7145,1261,1551,32
Redfish,67,NA,7231,1200,1529,32
Redfish,68,NA,7200,1194,1564,33
Redfish,69,NA,7238,1148,1572,34
Redfish,70,4,7368,1048,1544,34
Redfish,71,NA,7253,1251,1456,31
Redfish,72,NA,7091,1415,1459,32
Redfish,73,NA,6951,1513,1498,31
Redfish,74,NA,6809,1673,1470,32
Redfish,75,NA,6863,1538,1560,36
Redfish,76,1,6993,1370,1586,35
Redfish,77,NA,7118,1280,1561,33
Redfish,78,1,7189,1227,1542,36
Redfish,79,NA,7151,1254,1553,37
Redfish,80,2,7186,1192,1575,37
Redfish,81,NA,7325,1098,1533,36
Redfish,82,NA,7318,1098,1540,37
Redfish,83,NA,7227,1150,1572,40
Redfish,84,1,7382,1062,1510,36
Redfish,85,NA,7037,1423,1503,33
Redfish,86,NA,6991,1429,1539,33
Redfish,87,NA,7105,1325,1523,35
Redfish,88,NA,7080,1339,1534,37
Redfish,89,NA,7086,1319,1550,32
Redfish,90,NA,7165,1265,1528,37
Redfish,91,NA,7166,1236,1557,34
Redfish,92,NA,7146,1279,1525,34
Redfish,93,NA,7035,1342,1579,37
Redfish,94,NA,6982,1414,1557,37
Redfish,95,NA,6958,1389,1604,42
Redfish,96,NA,7053,1303,1593,44
Redfish,97,NA,7161,1208,1586,38
Redfish,98,NA,7189,1264,1502,37
Redfish,99,NA,6996,1421,1529,40
Redfish,100,NA,6874,1525,1551,39
Redfish,101,NA,6953,1428,1573,41
Redfish,102,NA,6993,1410,1550,40
Redfish,103,NA,6782,1559,1614,40
Redfish,104,NA,6900,1464,1583,40
Redfish,105,NA,6990,1419,1552,37
Redfish,106,NA,6908,1439,1605,37
Redfish,107,NA,6814,1506,1633,41
Redfish,108,NA,6705,1686,1565,37
Redfish,109,NA,6655,1716,1577,35
Redfish,110,NA,6631,1752,1570,37
Redfish,111,NA,6598,1731,1623,41
Redfish,112,NA,6542,1700,1711,42
Redfish,113,NA,5868,2391,1691,45
Redfish,114,NA,6274,1925,1745,46
Redfish,115,NA,6257,1991,1699,48
Redfish,116,NA,6246,2081,1627,44
Redfish,117,NA,6166,2107,1671,48
Redfish,118,NA,6065,2231,1649,50
Redfish,119,NA,6094,2142,1714,52
Redfish,120,NA,6098,2179,1666,48
Redfish,121,NA,6070,2122,1751,51
Redfish,122,NA,6011,2234,1689,53
Redfish,123,NA,5973,2312,1650,51
Redfish,124,NA,6136,2175,1631,52
Redfish,125,NA,5069,3262,1611,47
Redfish,126,NA,5767,2438,1728,53
Redfish,127,NA,5953,2235,1751,57
Redfish,128,NA,6031,2178,1727,56
Redfish,129,NA,5921,2334,1676,55
Redfish,130,NA,6383,1749,1798,63
Redfish,131,NA,5933,2221,1774,65
Redfish,132,NA,5636,2446,1837,70
Redfish,133,NA,6456,1751,1713,72
Redfish,134,NA,6254,1865,1805,78
Redfish,135,NA,6284,1962,1672,70
Redfish,136,NA,6325,1822,1767,79
Redfish,137,NA,6032,1974,1901,84
Redfish,138,NA,6294,1926,1687,77
Redfish,139,NA,6248,1741,1909,92
Redfish,140,NA,6314,1862,1718,91
Redfish,141,NA,6226,1884,1786,96
Redfish,142,NA,6015,2359,1530,79
Redfish,143,NA,6233,2071,1602,83
Redfish,144,NA,6584,1703,1615,89
Saithe,1,5209,4698,70,NA,NA
Saithe,2,1533,7977,448,NA,NA
Saithe,3,937,8198,831,11,NA
Saithe,4,606,8187,1134,53,NA
Saithe,5,372,8293,1227,92,NA
Saithe,6,256,8288,1279,147,NA
Saithe,7,197,8290,1301,199,NA
Saithe,8,172,8203,1355,249,NA
Saithe,9,149,8078,1443,310,NA
Saithe,10,137,7863,1593,392,NA
Saithe,11,143,7584,1776,470,2
Saithe,12,118,7335,1981,534,6
Saithe,13,121,7150,2172,532,6
Saithe,14,129,6986,2314,544,7
Saithe,15,122,6917,2346,576,8
Saithe,16,205,6636,2483,643,9
Saithe,17,298,6559,2475,627,7
Saithe,18,364,6468,2434,706,6
Saithe,19,466,6601,2169,732,5
Saithe,20,536,6907,1828,707,7
Saithe,21,559,7200,1555,659,7
Saithe,22,570,7559,1290,564,6
Saithe,23,593,7813,1061,505,6
Saithe,24,595,8101,888,392,5
Saithe,25,596,8257,767,346,5
Saithe,26,634,8386,690,265,2
Saithe,27,729,8297,714,240,1
Saithe,28,796,8369,649,168,NA
Saithe,29,925,8275,646,139,NA
Saithe,30,1032,8334,515,101,NA
Saithe,31,970,8424,499,89,NA
Saithe,32,948,8544,410,74,NA
Saithe,33,928,8598,389,63,NA
Saithe,34,968,8586,375,42,NA
Saithe,35,1010,8563,361,37,NA
Saithe,36,1015,8562,347,29,NA
Saithe,37,932,8643,366,36,NA
Saithe,38,890,8686,369,31,NA
Saithe,39,817,8755,373,25,NA
Saithe,40,851,8714,387,27,NA
Saithe,41,807,8723,414,18,NA
Saithe,42,774,8773,394,20,NA
Saithe,43,702,8799,450,21,NA
Saithe,44,651,8845,439,32,NA
Saithe,45,697,8785,455,26,NA
Saithe,46,687,8737,501,45,NA
Saithe,47,687,8711,529,36,NA
Saithe,48,675,8705,551,40,NA
Saithe,49,697,8616,615,44,NA
Saithe,50,695,8587,647,54,NA
Saithe,51,717,8477,716,75,NA
Saithe,52,796,8436,672,78,NA
Saithe,53,824,8354,709,90,NA
Saithe,54,806,8396,691,94,NA
Saithe,55,858,8356,664,99,NA
Saithe,56,824,8425,634,89,NA
Saithe,57,807,8503,566,95,NA
Saithe,58,751,8574,561,103,NA
Saithe,59,616,8702,566,94,NA
Saithe,60,574,8760,552,87,NA
Saithe,61,494,8842,558,70,NA
Saithe,62,383,8917,588,90,NA
Saithe,63,336,8833,722,86,NA
Saithe,64,389,8745,740,106,NA
Saithe,65,372,8626,871,116,NA
Saithe,66,382,8472,1016,116,NA
Saithe,67,407,8245,1188,145,NA
Saithe,68,368,8111,1338,162,NA
Saithe,69,356,7895,1535,201,NA
Saithe,70,298,7866,1567,249,NA
Saithe,71,318,7736,1617,289,NA
Saithe,72,302,7716,1610,356,NA
Saithe,73,287,7572,1724,398,NA
Saithe,74,234,7606,1679,453,1
Saithe,75,230,7521,1660,566,5
Saithe,76,225,7417,1743,583,6
Saithe,77,213,7370,1772,615,7
Saithe,78,188,7304,1830,640,8
Saithe,79,184,7261,1871,649,9
Saithe,80,232,7185,1913,646,8
Saithe,81,226,7043,2002,703,9
Saithe,82,234,6991,2023,714,10
Saithe,83,211,6987,2037,729,9
Saithe,84,222,6949,2055,749,9
Saithe,85,220,6826,2146,776,9
Saithe,86,189,6821,2113,848,14
Saithe,87,158,6769,2141,900,16
Saithe,88,163,6718,2163,918,17
Saithe,89,159,6722,2172,917,17
Saithe,90,178,6710,2108,968,20
Saithe,91,190,6781,2077,918,18
Saithe,92,163,6730,2125,939,19
Saithe,93,160,6671,2165,961,21
Saithe,94,132,6609,2221,1001,20
Saithe,95,145,6673,2223,917,20
Saithe,96,138,6613,2234,969,22
Saithe,97,148,6579,2290,949,19
Saithe,98,136,6548,2341,946,19
Saithe,99,145,6536,2293,998,19
Saithe,100,142,6632,2193,991,22
Saithe,101,144,6565,2265,990,21
Saithe,102,130,6459,2278,1076,26
Saithe,103,144,6465,2292,1052,25
Saithe,104,115,6502,2285,1052,25
Saithe,105,144,6494,2272,1048,27
Saithe,106,142,6446,2311,1052,26
Saithe,107,149,6420,2319,1074,25
Saithe,108,149,6451,2306,1054,23
Saithe,109,139,6480,2320,1016,23
Saithe,110,140,6523,2289,1014,22
Saithe,111,152,6479,2310,1017,24
Saithe,112,150,6450,2323,1040,22
Saithe,113,130,6493,2294,1041,22
Saithe,114,125,6436,2351,1039,23
Saithe,115,121,6414,2320,1095,28
Saithe,116,117,6420,2356,1060,25
Saithe,117,101,6414,2361,1071,27
Saithe,118,98,6370,2422,1068,26
Saithe,119,100,6360,2413,1075,27
Saithe,120,107,6302,2442,1101,29
Saithe,121,112,6391,2406,1044,26
Saithe,122,106,6302,2458,1086,29
Saithe,123,98,6287,2478,1081,29
Saithe,124,97,6228,2496,1125,31
Saithe,125,92,6228,2505,1119,31
Saithe,126,95,6233,2487,1137,35
Saithe,127,93,6266,2463,1125,34
Saithe,128,86,6266,2463,1131,35
Saithe,129,81,6175,2498,1184,37
Saithe,130,86,6181,2491,1181,37
Saithe,131,93,6162,2498,1187,39
Saithe,132,86,6154,2503,1198,38
Saithe,133,77,6134,2551,1185,40
Saithe,134,67,6125,2564,1177,41
Saithe,135,73,6086,2561,1227,42
Saithe,136,84,6125,2539,1205,40
Saithe,137,89,6122,2544,1189,38
Saithe,138,78,6146,2523,1210,39
Saithe,139,85,6216,2511,1135,34
Saithe,140,78,6140,2545,1177,41
Saithe,141,90,6128,2548,1175,39
Saithe,142,83,6131,2554,1185,39
Saithe,143,80,6112,2594,1157,38
Saithe,144,69,6042,2616,1213,42
